kmmbr_id,kmmbr_name,knesset_num,faction_id,faction_name,is_coalition,vip_id,mk_individual_first_name_eng,mk_individual_name_eng,Name,is_party_leader
1031,אדרי יעקב,17,622,קדימה,1,1031,Jacob,Edery,Jacob Edery,0
478,מאיר שטרית,17,622,קדימה,1,478,Meir,Sheetrit,Meir Sheetrit,0
493,דוד טל,17,622,קדימה,1,493,David,Tal,David Tal,0
4635,שי חרמש,17,622,קדימה,1,4635,Shai,Hermesh,Shai Hermesh,0
533,מרינה סולודקין,17,622,קדימה,1,533,Marina,Solodkin,Marina Solodkin,0
4400,רונית תירוש,17,622,קדימה,1,4400,Ronit,Tirosh,Ronit Tirosh,0
565,מיכאל נודלמן,17,622,קדימה,1,565,Michael,Nudelman,Michael Nudelman,0
949,מופז שאול,17,622,קדימה,1,949,Shaul,Mofaz,Shaul Mofaz,0
1026,רוחמה אברהם,17,622,קדימה,1,1026,Ruhama,Avraham Balila,Ruhama Avraham Balila,0
1030,מגלי והבה,17,622,קדימה,1,1030,Majallie,Whbee,Majallie Whbee,0
1033,אלי אפללו,17,622,קדימה,1,1033,Eli,Aflalo,Eli Aflalo,0
1038,רוני בר-און,17,622,קדימה,1,1038,Ronnie,Bar-On,Ronnie Bar-On,0
1064,אהוד אולמרט,17,622,קדימה,1,1064,Ehud,Olmert,Ehud Olmert,1
4402,אביגדור יצחקי,17,622,קדימה,1,4402,Avigdor,Itzchaky,Avigdor Itzchaky,0
4355,יואל חסון,17,622,קדימה,1,4355,Yoel,Hasson,Yoel Hasson,0
4375,עמירה דותן,17,622,קדימה,1,4375,Amira,Dotan,Amira Dotan,0
4395,אברהם דיכטר,17,622,קדימה,1,4395,Avi,Dicter,Avi Dicter,0
4397,זאב אלקין,17,622,קדימה,1,4397,Zeev,Elkin,Zeev Elkin,0
4398,מנחם בן-ששון,17,622,קדימה,1,4398,Menahem,Ben-Sasson,Menahem Ben-Sasson,0
4399,שלמה ברזניץ,17,622,קדימה,1,4399,Shlomo,Breznitz,Shlomo Breznitz,0
7035,יצחק בן-ישראל,17,622,קדימה,1,7035,Isaac,Ben-Israel,Isaac Ben-Israel,0
474,גדעון עזרא,17,622,קדימה,1,474,Gideon,Ezra,Gideon Ezra,0
4401,עתניאל שנלר,17,622,קדימה,1,4401,Otniel,Schneller,Otniel Schneller,0
9315,שלמה נגוסה מולה,17,622,קדימה,1,9315,Shlomo (Neguse),Molla,Shlomo (Neguse) Molla,0
433,דליה איציק,17,622,קדימה,1,433,Dalia,Itzik,Dalia Itzik,0
7736,יוחנן פלסנר,17,622,קדימה,1,7736,Yohanan,Plesner,Yohanan Plesner,0
458,חיים רמון,17,622,קדימה,1,458,Haim,Ramon,Haim Ramon,0
464,זאב בוים,17,622,קדימה,1,464,Ze`ev,Boim,Ze`ev Boim,0
466,אברהם הירשזון,17,622,קדימה,1,466,Abraham,Hirchson,Abraham Hirchson,0
467,צחי הנגבי,17,622,קדימה,1,467,Tzachi,Hanegbi,Tzachi Hanegbi,0
456,שמעון פרס,17,622,קדימה,1,456,Shimon,Peres,Shimon Peres,0
469,ציפי לבני,17,622,קדימה,1,469,Tzipi,Livni,Tzipi Livni,0
454,אפרים סנה,17,624,עבודה,1,454,Ephraim,Sneh,Ephraim Sneh,0
455,אופיר פינס-פז,17,624,עבודה,1,455,Ophir,Pines-Paz,Ophir Pines-Paz,0
10555,שכיב מוראד שנאן,17,624,עבודה,1,10555,Shachiv,Shnaan,Shachiv Shnaan,0
557,עמיר פרץ,17,624,עבודה,1,557,Amir,Peretz,Amir Peretz,1
4407,אבישי ברוורמן,17,624,עבודה,1,4407,Avishay,Braverman,Avishay Braverman,0
449,מיכאל מלכיאור,17,624,עבודה,1,449,Michael,Melchior,Michael Melchior,0
1043,יולי תמיר,17,624,עבודה,1,1043,Yuli,Tamir,Yuli Tamir,0
1044,יצחק הרצוג,17,624,עבודה,1,1044,Isaac,Herzog,Isaac Herzog,0
1045,דני יתום,17,624,עבודה,1,1045,Dani,Yatom,Dani Yatom,0
4406,עמיחי אילון,17,624,עבודה,1,4406,Ami,Ayalon,Ami Ayalon,0
461,שמחון שלום,17,624,עבודה,1,461,Shalom,Simhon,Shalom Simhon,0
865,אורית נוקד,17,624,עבודה,1,865,Orit,Noked,Orit Noked,0
4405,שלי יחימוביץ,17,624,עבודה,1,4405,Shelly,Yachimovich,Shelly Yachimovich,0
1067,מתן וילנאי,17,624,עבודה,1,1067,Matan,Vilnai,Matan Vilnai,0
4404,נאדיה חילו,17,624,עבודה,1,4404,Nadia,Hilou,Nadia Hilou,0
2014,גאלב מג`אדלה,17,624,עבודה,1,2014,Raleb,Majadele,Raleb Majadele,0
4403,יורם מרציאנו,17,624,עבודה,1,4403,Yoram,Marciano,Yoram Marciano,0
445,איתן כבל,17,624,עבודה,1,445,Eitan,Cabel,Eitan Cabel,0
435,בנימין בן-אליעזר,17,624,עבודה,1,435,Binyamin (Fouad),Ben-Eliezer,Binyamin (Fouad) Ben-Eliezer,0
431,קולט אביטל,17,624,עבודה,1,431,Colette,Avital,Colette Avital,0
11235,לאון ליטינצקי,17,624,עבודה,1,11235,Leon,Litinetsky,Leon Litinetsky,0
6235,סעיד נפאע,17,626,"בל""ד",0,6235,Said,Naffaa,Said Naffaa,0
1062,ואסל טאהא,17,626,"בל""ד",0,1062,Wasil,Taha,Wasil Taha,0
1061,ג`מאל זחאלקה,17,626,"בל""ד",0,1061,Jamal,Zahalka,Jamal Zahalka,0
558,עזמי בשארה,17,626,"בל""ד",0,558,Azmi,Bishara,Azmi Bishara,1
490,נסים זאב,17,628,"ש""ס",1,490,Nissim,Zeev,Nissim Zeev,0
4417,אריאל אטיאס,17,628,"ש""ס",1,4417,Ariel,Atias,Ariel Atias,0
4418,חיים אמסלם,17,628,"ש""ס",1,4418,Chaim,Amsellem,Chaim Amsellem,0
4419,אברהם מיכאלי,17,628,"ש""ס",1,4419,Avraham,Michaeli,Avraham Michaeli,0
488,יצחק וקנין,17,628,"ש""ס",1,488,Yitzhak,Vaknin,Yitzhak Vaknin,0
498,משולם נהרי,17,628,"ש""ס",1,498,Meshulam,Nahari,Meshulam Nahari,0
483,דוד אזולאי,17,628,"ש""ס",1,483,David,Azoulay,David Azoulay,0
494,אליהו ישי,17,628,"ש""ס",1,494,Eliyahu,Yishai,Eliyahu Yishai,1
10355,מזור בהיינה,17,628,"ש""ס",1,10355,Mazor,Bahyna,Mazor Bahyna,0
580,יצחק כהן,17,628,"ש""ס",1,580,Yitzhak,Cohen,Yitzhak Cohen,0
484,שלמה בניזרי,17,628,"ש""ס",1,484,Shlomo,Benizri,Shlomo Benizri,0
495,אמנון כהן,17,628,"ש""ס",1,495,Amnon,Cohen,Amnon Cohen,0
1056,יעקב מרגי,17,628,"ש""ס",1,1056,Yakov,Margi,Yakov Margi,0
4295,חנא סוייד,17,630,"חד""ש",0,4295,Hanna,Swaid,Hanna Swaid,0
4416,דב חנין,17,630,"חד""ש",0,4416,Dov,Khenin,Dov Khenin,0
540,מוחמד ברכה,17,630,"חד""ש",0,540,Mohammad,Barakeh,Mohammad Barakeh,1
527,שמואל הלפרט,17,632,יהדות התורה,0,527,Shmuel,Halpert,Shmuel Halpert,0
528,יעקב ליצמן,17,632,יהדות התורה,0,528,Yakov,Litzman,Yakov Litzman,1
526,משה גפני,17,632,יהדות התורה,0,526,Moshe,Gafni,Moshe Gafni,0
563,מאיר פרוש,17,632,יהדות התורה,0,563,Meir,Porush,Meir Porush,0
4414,יעקב כהן,17,632,יהדות התורה,0,4414,Yakov,Cohen,Yakov Cohen,0
531,אברהם רביץ,17,632,יהדות התורה,0,531,Avraham,Ravitz,Avraham Ravitz,0
11835,אורי מקלב,17,632,יהדות התורה,0,11835,Uri,Maklev,Uri Maklev,0
4304,שרה מרום שלו,17,634,גיל,1,4304,Sara,Marom Shalev,Sara Marom Shalev,0
4303,אלחנן גלזר,17,634,גיל,1,4303,Elhanan,Glazer,Elhanan Glazer,0
4302,יצחק גלנטי,17,634,גיל,1,4302,Itshac,Galantee,Itshac Galantee,0
4301,יצחק זיו,17,634,גיל,1,4301,Izhak,Ziv,Izhak Ziv,0
4299,יעקב בן-יזרי,17,634,גיל,1,4299,Yacov,Ben Yizri,Yacov Ben Yizri,0
4298,איתן רפי,17,634,גיל,1,4298,Rafi,Eitan,Rafi Eitan,1
4300,משה שרוני,17,634,גיל,1,4300,Moshe,Sharoni,Moshe Sharoni,0
549,טלב אלסאנע,17,636,"רע""מ-תע""ל",0,549,Talab,El-Sana,Talab El-Sana,0
4415,עבאס זכור,17,636,"רע""מ-תע""ל",0,4415,Abas,Zkoor,Abas Zkoor,0
4297,אברהים צרצור,17,636,"רע""מ-תע""ל",0,4297,Ibrahim,Sarsour,Ibrahim Sarsour,1
560,אחמד טיבי,17,636,"רע""מ-תע""ל",0,560,Ahmad,Tibi,Ahmad Tibi,0
4376,ישראל חסון,17,638,ישראל ביתנו,1,4376,Israel,Hasson,Israel Hasson,0
4410,יוסף שגל,17,638,ישראל ביתנו,1,4410,Yosef,Shagal,Yosef Shagal,0
430,יורי שטרן,17,638,ישראל ביתנו,1,430,Yuri,Shtern,Yuri Shtern,0
427,אביגדור ליברמן,17,638,ישראל ביתנו,1,427,Avigdor,Liberman,Avigdor Liberman,1
4411,סטס מיסז`ניקוב,17,638,ישראל ביתנו,1,4411,Stas,Misezhnikov,Stas Misezhnikov,0
6076,דוד רותם,17,638,ישראל ביתנו,1,6076,David,Rotem,David Rotem,0
4217,אסתרינה טרטמן,17,638,ישראל ביתנו,1,4217,Esterina,Tartman,Esterina Tartman,0
4408,ליה שמטוב,17,638,ישראל ביתנו,1,4408,Lia,Shemtov,Lia Shemtov,0
4413,יצחק אהרונוביץ,17,638,ישראל ביתנו,1,4413,Yitzhak,Aharonovitch,Yitzhak Aharonovitch,0
448,סופה לנדבר,17,638,ישראל ביתנו,1,448,Sofa,Landver,Sofa Landver,0
4409,אלכס מילר,17,638,ישראל ביתנו,1,4409,Alex,Miller,Alex Miller,0
4412,רוברט אילטוב,17,638,ישראל ביתנו,1,4412,Robert,Ilatov,Robert Ilatov,0
12595,צביה גרינפלד,17,640,מרצ,0,12595,Tzvia,Greenfield,Tzvia Greenfield,0
2192,יוסי ביילין,17,640,מרצ,0,2192,Yossi,Beilin,Yossi Beilin,1
1065,חיים אורון,17,640,מרצ,0,1065,Chaim,Oron,Chaim Oron,0
504,זהבה גלאון,17,640,מרצ,0,504,Zehava,Galon,Zehava Galon,0
505,אבשלום וילן,17,640,מרצ,0,505,Avshalom,Vilan,Avshalom Vilan,0
507,רן כהן,17,640,מרצ,0,507,Ran,Cohen,Ran Cohen,0
412,צבי הנדל,17,642,"איחוד לאומי-מפד""ל",0,412,Zvi,Hendel,Zvi Hendel,1
521,זבולון אורלב,17,642,"איחוד לאומי-מפד""ל",0,521,Zevulun,Orlev,Zevulun Orlev,0
2232,אליהו גבאי,17,642,"איחוד לאומי-מפד""ל",0,2232,Eliahu,Gabbay,Eliahu Gabbay,0
713,אורי אריאל,17,642,"איחוד לאומי-מפד""ל",0,713,Uri Yehuda,Ariel,Uri Yehuda Ariel,0
405,בנימין אלון,17,642,"איחוד לאומי-מפד""ל",0,405,Benyamin,Elon,Benyamin Elon,1
765,יצחק לוי,17,642,"איחוד לאומי-מפד""ל",0,765,Yitzhak,Levy,Yitzhak Levy,0
1068,ניסן סלומינסקי,17,642,"איחוד לאומי-מפד""ל",0,1068,Nissan,Slomiansky,Nissan Slomiansky,0
1055,אריה אלדד,17,642,"איחוד לאומי-מפד""ל",0,1055,Arieh,Eldad,Arieh Eldad,0
763,אפי איתם,17,642,"איחוד לאומי-מפד""ל",0,763,Effie,Eitam,Effie Eitam,0
462,מיכאל איתן,17,690,ליכוד,0,462,Michael,Eitan,Michael Eitan,0
468,ישראל כץ,17,690,ליכוד,0,468,Israel,Katz,Israel Katz,0
470,לימור לבנת,17,690,ליכוד,0,470,Limor,Livnat,Limor Livnat,0
473,דני נוה,17,690,ליכוד,0,473,Dan,Naveh,Dan Naveh,0
476,ראובן ריבלין,17,690,ליכוד,0,476,Reuven,Rivlin,Reuven Rivlin,0
479,סילבן שלום,17,690,ליכוד,0,479,Silvan,Shalom,Silvan Shalom,0
1037,גלעד ארדן,17,690,ליכוד,0,1037,Gilad,Erdan,Gilad Erdan,0
1034,משה כחלון,17,690,ליכוד,0,1034,Moshe ,Kahlon,Moshe  Kahlon,0
1027,גדעון סער,17,690,ליכוד,0,1027,Gideon,Sa'ar,Gideon Sa'ar,0
965,בנימין נתניהו,17,690,ליכוד,0,965,Benjamin,Netanyahu,Benjamin Netanyahu,1
535,נתן שרנסקי,17,690,ליכוד,0,535,Natan,Sharansky,Natan Sharansky,0
556,חיים כץ,17,690,ליכוד,0,556,Haim,Katz,Haim Katz,0
477,יובל שטייניץ,17,690,ליכוד,0,477,Yuval,Steinitz,Yuval Steinitz,0
532,יולי-יואל אדלשטיין,17,690,ליכוד,0,532,Yuli Yoel,Edelstein,Yuli Yoel Edelstein,0
